summary:;name:;desc:;syntax:()
summary:;name:__verifyLicense__;desc:;syntax:(a,b,c)
summary:;name:abs;desc:;syntax:(X)
summary:;name:accumulate;desc:;syntax:(func, X, [init])
summary:;name:acf;desc:;syntax:(X, maxLag)
summary:;name:aclCheckPoint;desc:;syntax:([a])
summary:;name:acos;desc:;syntax:(X)
summary:;name:acosh;desc:;syntax:(X)
summary:;name:activeClosePublishConnection;desc:;syntax:(host, port, [force=false])
summary:;name:adaBoostClassifier;desc:;syntax:(ds, yColName, xColNames, numClasses, [maxFeatures=0], [numTrees=10], [numBins=32], [maxDepth=10], [minImpurityDecrease=0.0], [learningRate=0.1], [algorithm='SAMME.R'], [randomSeed])
summary:;name:adaBoostRegressor;desc:;syntax:(ds, yColName, xColNames, [maxFeatures=0], [numTrees=10], [numBins=32], [maxDepth=10], [minImpurityDecrease=0.0], [learningRate=0.1], [loss='linear'], [randomSeed])
summary:;name:adaBoostRegressorReduce;desc:;syntax:(a,b)
summary:;name:add;desc:;syntax:(X, Y)
summary:;name:addChunkMetaOnMaster;desc:;syntax:(chunkPath, chunkId, chunkType, size, chunkNodes, version)
summary:;name:addColumn;desc:;syntax:(table, colNames, colTypes)
summary:;name:addDataNodeAgent;desc:;syntax:(host, port, alias)
summary:;name:addDataNodeController;desc:;syntax:(host, port, alias, [saveConfig=true])
summary:;name:addDataNodeDN;desc:;syntax:(host, port, alias, maxConnections, maxRemoteConnections)
summary:;name:addFunctionView;desc:;syntax:(udf)
summary:;name:addGroupMember;desc:;syntax:(userIds, groupIds)
summary:;name:addMetrics;desc:;syntax:(aggregator/name, newMetrics, newMetricsSchema)
summary:;name:addNode;desc:;syntax:(host, port, alias, [saveConfig=true])
summary:;name:addRangePartitions;desc:;syntax:(dbHandle, newRanges, [level=0], [locations])
summary:;name:addValuePartitions;desc:;syntax:(dbHandle, newValues, [level=0], [locations])
summary:;name:addVolumes;desc:;syntax:(volumes)
summary:;name:aj;desc:;syntax:(leftTable, rightTable, matchingCols, [rightMatchingCols])
summary:;name:all;desc:;syntax:(obj|func, args...)
summary:;name:alpha98;desc:;syntax:(t)
summary:;name:and;desc:;syntax:(X, Y)
summary:;name:anova;desc:;syntax:(X)
summary:;name:any;desc:;syntax:(obj|func, args...)
summary:;name:append!;desc:;syntax:(obj, newData)
summary:;name:array;desc:;syntax:(dataType|template, [initialSize], [capacity], [defaultValue])
summary:;name:asin;desc:;syntax:(X)
summary:;name:asinh;desc:;syntax:(X)
summary:;name:asof;desc:;syntax:(X, Y)
summary:;name:at;desc:;syntax:(X, [index])
summary:;name:atImax;desc:;syntax:(location, value)
summary:;name:atImin;desc:;syntax:(location, value)
summary:;name:atan;desc:;syntax:(X)
summary:;name:atanh;desc:;syntax:(X)
summary:;name:authenticateByTicket;desc:;syntax:(ticket)
summary:;name:autocorr;desc:;syntax:(X, lag)
summary:;name:avg;desc:;syntax:(X)
summary:;name:avgReduce;desc:;syntax:(mysum,mycount)
summary:;name:avgRunning;desc:;syntax:(mysum,mycount)
summary:;name:backup;desc:;syntax:(backupDir, sqlObj, [force=false], [parallel=false])
summary:;name:backupInternal;desc:;syntax:(sqlObj, tableName, option)
summary:;name:bar;desc:;syntax:(X, Y)
summary:;name:benchmark;desc:;syntax:()
summary:;name:beta;desc:;syntax:(Y, X)
summary:;name:between;desc:;syntax:(lowerBound, upperBound)
summary:;name:bfill;desc:;syntax:(obj, [limit])
summary:;name:bfill!;desc:;syntax:(obj, [limit])
summary:;name:bigarray;desc:;syntax:(dataType|template, initialSize, capacity, defaultValue)
summary:;name:binsrch;desc:;syntax:(X, Y)
summary:;name:bitAnd;desc:;syntax:(X, Y)
summary:;name:bitNot;desc:;syntax:(X)
summary:;name:bitOr;desc:;syntax:(X, Y)
summary:;name:bitXor;desc:;syntax:(X, Y)
summary:;name:bool;desc:;syntax:(X)
summary:;name:brief;desc:;syntax:(obj)
summary:;name:bucket;desc:;syntax:(vector, dataRange, bucketNum, [includeOutbound=false])
summary:;name:bucketCount;desc:;syntax:(vector, dataRange, bucketNum, [includeOutbound=false])
summary:;name:businessDay;desc:;syntax:(X, [offset], [n=1])
summary:;name:businessMonthBegin;desc:;syntax:(X, [offset], [n=1])
summary:;name:businessMonthEnd;desc:;syntax:(X, [offset], [n=1])
summary:;name:businessQuarterBegin;desc:;syntax:(X, [startingMonth=1], [offset], [n=1])
summary:;name:businessQuarterEnd;desc:;syntax:(X, [endingMonth=12], [offset], [n=1])
summary:;name:businessYearBegin;desc:;syntax:(X, [startingMonth=1], [offset], [n=1])
summary:;name:businessYearEnd;desc:;syntax:(X, [endingMonth=12], [offset], [n=1])
summary:;name:cacheDS!;desc:;syntax:(ds)
summary:;name:cacheDSNow;desc:;syntax:(ds)
summary:;name:cachedTable;desc:;syntax:(updateFunc, expireTimeout)
summary:;name:calcStockPnL;desc:;syntax:(ports,dailyRtn,holdingDays,endDate,lastDays)
summary:;name:call;desc:;syntax:(func, args...)
summary:;name:campaignForActiveMaster;desc:;syntax:()
summary:;name:cancelConsoleJob;desc:;syntax:(rootJobId)
summary:;name:cancelJob;desc:;syntax:(jobId)
summary:;name:cancelRecoveryTask;desc:;syntax:(a)
summary:;name:capacity;desc:;syntax:(obj)
summary:;name:cast;desc:;syntax:(obj, type)
summary:;name:cbrt;desc:;syntax:(X)
summary:;name:cdfBeta;desc:;syntax:(alpha, beta, X)
summary:;name:cdfBinomial;desc:;syntax:(trials, prob, X)
summary:;name:cdfChiSquare;desc:;syntax:(df, X)
summary:;name:cdfExp;desc:;syntax:(mean, X)
summary:;name:cdfF;desc:;syntax:(numeratorDF, denominatorDF, X)
summary:;name:cdfGamma;desc:;syntax:(shape, scale, X)
summary:;name:cdfKolmogorov;desc:;syntax:(X)
summary:;name:cdfLogistic;desc:;syntax:(mean, s, X)
summary:;name:cdfNormal;desc:;syntax:(mean, stdev, X)
summary:;name:cdfPoisson;desc:;syntax:(mean, X)
summary:;name:cdfStudent;desc:;syntax:(df, X)
summary:;name:cdfUniform;desc:;syntax:(lower, upper, X)
summary:;name:cdfWeibull;desc:;syntax:(alpha, beta, X)
summary:;name:cdfZipf;desc:;syntax:(num, exponent, X)
summary:;name:ceil;desc:;syntax:(X)
summary:;name:cell;desc:;syntax:(obj, row, col)
summary:;name:changePwd;desc:;syntax:(oldPwd, newPwd)
summary:;name:char;desc:;syntax:(X)
summary:;name:charAt;desc:;syntax:(X, Y)
summary:;name:checkpointStreamingHA;desc:;syntax:(groupId)
summary:;name:checksum;desc:;syntax:(fileName, [offset], [length])
summary:;name:chiSquareTest;desc:;syntax:(X, [Y])
summary:;name:cholesky;desc:;syntax:(obj, [lower=true])
summary:;name:chunkCheckPoint;desc:;syntax:()
summary:;name:chunkCollectGarbage;desc:;syntax:()
summary:;name:chunkMeta;desc:;syntax:(url, [id], [chunkType], [version], [size], [sites], [cid])
summary:;name:cj;desc:;syntax:(leftTable, rightTable)
summary:;name:classifierBuildForestTerm;desc:;syntax:(a,b)
summary:;name:cleanGarbageChunkVersionOnMaster;desc:;syntax:()
summary:;name:clear;desc:;syntax:()
summary:;name:clear!;desc:;syntax:(obj)
summary:;name:clearAllCache;desc:;syntax:()
summary:;name:clearCache;desc:;syntax:(a,[b])
summary:;name:clearCachedDatabase;desc:;syntax:(dbUrl, [tableName])
summary:;name:clearDSCache!;desc:;syntax:(ds)
summary:;name:clearDSCacheNow;desc:;syntax:(ds)
summary:;name:clearEnv;desc:;syntax:()
summary:;name:clearTablePersistence;desc:;syntax:(table|tableName)
summary:;name:close;desc:;syntax:(obj)
summary:;name:closeSessions;desc:;syntax:(sessionId)
summary:;name:coevent;desc:;syntax:(event, eventTime, window, [orderSensitive=false])
summary:;name:col;desc:;syntax:(obj, index)
summary:;name:colNames;desc:;syntax:(obj)
summary:;name:cols;desc:;syntax:(obj)
summary:;name:column;desc:;syntax:(obj, index)
summary:;name:columnNames;desc:;syntax:(obj)
summary:;name:columns;desc:;syntax:(obj)
summary:;name:commit;desc:;syntax:(trans)
summary:;name:compress;desc:;syntax:(X)
summary:;name:concat;desc:;syntax:(str1|X, str2|separator)
summary:;name:concatDT;desc:;syntax:(date, time)
summary:;name:concatDateTime;desc:;syntax:(date, time)
summary:;name:condFilter;desc:;syntax:(X, condition, filterMap)
summary:;name:conditionalFilter;desc:;syntax:(X, condition, filterMap)
summary:;name:contextCount;desc:;syntax:(X, Y)
summary:;name:contextSum;desc:;syntax:(X, Y)
summary:;name:contextSum2;desc:;syntax:(X, Y)
summary:;name:contextby;desc:;syntax:(func, funcArgs, groupingCol, [sortingCol])
summary:;name:convertEncode;desc:;syntax:(str, srcEncode, destEncode)
summary:;name:convertExcelFormula;desc:;syntax:(formula, colStart, colEnd, rowStart, rowEnd)
summary:;name:convertTZ;desc:;syntax:(obj, srcTZ, destTZ)
summary:;name:copy;desc:;syntax:(obj)
summary:;name:copyReplicas;desc:;syntax:(a,b,c)
summary:;name:corr;desc:;syntax:(X, Y)
summary:;name:corrReduce;desc:;syntax:(mysumxy,mysumx2,mysumx,mysumy2,mysumy,mycount)
summary:;name:corrRunning;desc:;syntax:(mysumxy,mysumx2,mysumx,mysumy2,mysumy,mycount)
summary:;name:cos;desc:;syntax:(X)
summary:;name:cosh;desc:;syntax:(X)
summary:;name:count;desc:;syntax:(obj)
summary:;name:cov;desc:;syntax:(X, Y)
summary:;name:covar;desc:;syntax:(X, Y)
summary:;name:covarReduce;desc:;syntax:(mysumxy,mysumx,mysumy,mycount)
summary:;name:covarRunning;desc:;syntax:(mysumxy,mysumx,mysumy,mycount)
summary:;name:crc32;desc:;syntax:(str, [cksum=0])
summary:;name:createAnomalyDetectionEngine;desc:;syntax:(name, metrics, dummyTable, outputTable, timeColumn, [keyColumn], [windowSize], [step], [garbageSize])
summary:;name:createCrossSectionalAggregator;desc:;syntax:(name, [metrics], dummyTable, [outputTable], keyColumn, [triggeringPattern='perBatch'], [triggeringInterval=1000], [useSystemTime=true], [timeColumn])
summary:;name:createGroup;desc:;syntax:(groupId, [userIds])
summary:;name:createPartitionedTable;desc:;syntax:(dbHandle, table, tableName, [partitionColumns])
summary:;name:createTable;desc:;syntax:(dbHandle, table, tableName)
summary:;name:createTimeSeriesAggregator;desc:;syntax:(name, windowSize, step, metrics, dummyTable, outputTable, [timeColumn], [useSystemTime=false], [keyColumn], [garbageSize], [updateTime], [useWindowStartTime])
summary:;name:createUser;desc:;syntax:(userId, password, [groupIds], [isAdmin=false])
summary:;name:cross;desc:;syntax:(func, X, [Y])
summary:;name:crossStat;desc:;syntax:(X, Y)
summary:;name:cumPositiveStreak;desc:;syntax:(X)
summary:;name:cumavg;desc:;syntax:(X)
summary:;name:cumbeta;desc:;syntax:(X, Y)
summary:;name:cumcorr;desc:;syntax:(X, Y)
summary:;name:cumcount;desc:;syntax:(X)
summary:;name:cumcovar;desc:;syntax:(X, Y)
summary:;name:cummax;desc:;syntax:(X)
summary:;name:cummed;desc:;syntax:(X)
summary:;name:cummin;desc:;syntax:(X)
summary:;name:cumpercentile;desc:;syntax:(X, percent, [interpolation='linear'])
summary:;name:cumprod;desc:;syntax:(X)
summary:;name:cumrank;desc:;syntax:(X, [ascending=true], [ignoreNA=true], [tiesMethod='min'])
summary:;name:cumstd;desc:;syntax:(X)
summary:;name:cumsum;desc:;syntax:(X)
summary:;name:cumsum2;desc:;syntax:(X)
summary:;name:cumsum3;desc:;syntax:(X)
summary:;name:cumsum4;desc:;syntax:(X)
summary:;name:cumvar;desc:;syntax:(X)
summary:;name:cumwavg;desc:;syntax:(X, Y)
summary:;name:cumwsum;desc:;syntax:(X, Y)
summary:;name:cut;desc:;syntax:(X, size|cutPositions)
summary:;name:cutPoints;desc:;syntax:(X, binNum, [freq])
summary:;name:dailyAlignedBar;desc:;syntax:(X, timeOffset, n)
summary:;name:database;desc:;syntax:(directory, [partitionType], [partitionScheme], [locations])
summary:;name:date;desc:;syntax:(X)
summary:;name:datehour;desc:;syntax:(X)
summary:;name:datetime;desc:;syntax:(X)
summary:;name:datetimeAdd;desc:;syntax:(obj, duration, unit)
summary:;name:datetimeFormat;desc:;syntax:(X, format)
summary:;name:datetimeParse;desc:;syntax:(X, format)
summary:;name:dayOfMonth;desc:;syntax:(X)
summary:;name:dayOfWeek;desc:;syntax:(X)
summary:;name:dayOfYear;desc:;syntax:(X)
summary:;name:daysInMonth;desc:;syntax:(X)
summary:;name:debug;desc:;syntax:(func, args...)
summary:;name:decimalFormat;desc:;syntax:(X, format)
summary:;name:defined;desc:;syntax:(names, [type])
summary:;name:defs;desc:;syntax:([pattern])
summary:;name:deg2rad;desc:;syntax:(X)
summary:;name:delayedCall;desc:;syntax:(a,b,[c],[d])
summary:;name:deleteChunkMetaOnMaster;desc:;syntax:(chunkPath)
summary:;name:deleteGroup;desc:;syntax:(groupId)
summary:;name:deleteGroupMember;desc:;syntax:(userIds, groupIds)
summary:;name:deleteReplica;desc:;syntax:(a)
summary:;name:deleteReplicas;desc:;syntax:(a,b)
summary:;name:deleteScheduledJob;desc:;syntax:(jobId)
summary:;name:deleteUser;desc:;syntax:(userId)
summary:;name:deltas;desc:;syntax:(X)
summary:;name:deny;desc:;syntax:(userId|groupId, accessType, [objs])
summary:;name:derivative;desc:;syntax:(func, X, [dx=1.0], [n=1], [order=3])
summary:;name:det;desc:;syntax:(obj)
summary:;name:diag;desc:;syntax:(X)
summary:;name:dict;desc:;syntax:(keyType|keyObj, valueType|valueObj)
summary:;name:dictUpdate!;desc:;syntax:(dictionary, function, keys, parameters, [initFunc=copy])
summary:;name:difference;desc:;syntax:(X)
summary:;name:disableActivePartition;desc:;syntax:(dbHandle)
summary:;name:disableTablePersistence;desc:;syntax:(table)
summary:;name:distinct;desc:;syntax:(X)
summary:;name:div;desc:;syntax:(X, Y)
summary:;name:dot;desc:;syntax:(X, Y)
summary:;name:double;desc:;syntax:(X)
summary:;name:drop;desc:;syntax:(obj, count)
summary:;name:drop!;desc:;syntax:(table, colNames)
summary:;name:dropAggregator;desc:;syntax:(name)
summary:;name:dropColumns!;desc:;syntax:(table, colNames)
summary:;name:dropDB;desc:;syntax:(dbDir)
summary:;name:dropDatabase;desc:;syntax:(dbDir)
summary:;name:dropFunctionView;desc:;syntax:(name)
summary:;name:dropPartition;desc:;syntax:(dbHandle, partitionPaths, [tableName], [forceDelete=false])
summary:;name:dropStreamTable;desc:;syntax:(tableName)
summary:;name:dropStreamTableInternal;desc:;syntax:(tableName)
summary:;name:dropTable;desc:;syntax:(dbHandle, tableName)
summary:;name:each;desc:;syntax:(func, args...)
summary:;name:eachLeft;desc:;syntax:(func, X, Y)
summary:;name:eachPost;desc:;syntax:(func, X, [post])
summary:;name:eachPre;desc:;syntax:(func, X, [pre])
summary:;name:eachRight;desc:;syntax:(func, X, Y)
summary:;name:eig;desc:;syntax:(A)
summary:;name:ej;desc:;syntax:(leftTable, rightTable, matchingCols, [rightMatchingCols])
summary:;name:elasticNet;desc:;syntax:(ds, yColName, xColNames, [alpha=1.0], [l1Ratio=0.5], [intercept=true], [normalize=false], [maxIter=1000], [tolerance=0.0001], [positive=false])
summary:;name:enableActivePartition;desc:;syntax:(dbHandle, activeDate, siteAlias)
summary:;name:enableTablePersistence;desc:;syntax:(table, [asynWrite=true], [compress=true], [cacheSize=-1], [retentionMinutes=1440], [flushMode=0])
summary:;name:enableTableShareAndPersistence;desc:;syntax:(table, tableName, [asynWrite=true], [compress=true], [cacheSize=-1], [retentionMinutes=1440], [flushMode=0], [preCache])
summary:;name:endsWith;desc:;syntax:(X, str)
summary:;name:eq;desc:;syntax:(X, Y)
summary:;name:eqObj;desc:;syntax:(obj1, obj2, [precision])
summary:;name:erase!;desc:;syntax:(obj, key|filter)
summary:;name:esd;desc:;syntax:(data, [hybrid], [maxAnomalies], [alpha])
summary:;name:eval;desc:;syntax:(expr)
summary:;name:evalTimer;desc:;syntax:(funcs, [count=1])
summary:;name:evaluate;desc:;syntax:(expr)
summary:;name:ewmCorr;desc:;syntax:(X, [com], [span], [halfLife], [alpha], [minPeriods=0], [adjust=true], [ignoreNA=false], [other], [bias=false])
summary:;name:ewmCov;desc:;syntax:(X, [com], [span], [halfLife], [alpha], [minPeriods=0], [adjust=true], [ignoreNA=false], [other], [bias=false])
summary:;name:ewmMean;desc:;syntax:(X, [com], [span], [halfLife], [alpha], [minPeriods=0], [adjust=true], [ignoreNA=false])
summary:;name:ewmStd;desc:;syntax:(X, [com], [span], [halfLife], [alpha], [minPeriods=0], [adjust=true], [ignoreNA=false], [bias=false])
summary:;name:ewmVar;desc:;syntax:(X, [com], [span], [halfLife], [alpha], [minPeriods=0], [adjust=true], [ignoreNA=false], [bias=false])
summary:;name:existChunks;desc:;syntax:(chunkPaths)
summary:;name:exists;desc:;syntax:(paths)
summary:;name:existsDatabase;desc:;syntax:(dbUrl)
summary:;name:existsPartition;desc:;syntax:(partitionUrl)
summary:;name:existsTable;desc:;syntax:(dbUrl, tableName)
summary:;name:exp;desc:;syntax:(X)
summary:;name:exp2;desc:;syntax:(X)
summary:;name:expm1;desc:;syntax:(X)
summary:;name:expr;desc:;syntax:(args...)
summary:;name:expression;desc:;syntax:(args...)
summary:;name:extractTextSchema;desc:;syntax:(filename, [delimiter], [skipRows=0])
summary:;name:eye;desc:;syntax:(n)
summary:;name:fTest;desc:;syntax:(X, Y, [ratio=1.0], [confLevel=0.95])
summary:;name:factor1;desc:;syntax:(ap1,ap2,ap3,ap4,ap5,av1,av2,av3,av4,av5,bp1,bp2,bp3,bp4,bp5,bv1,bv2,bv3,bv4,bv5,mp,initMP,delta)
summary:;name:factor1_handler;desc:;syntax:(d,factor,msg)
summary:;name:ffill;desc:;syntax:(obj, [limit])
summary:;name:ffill!;desc:;syntax:(obj, [limit])
summary:;name:file;desc:;syntax:(name,[mode="r"], [isLittleEndian])
summary:;name:files;desc:;syntax:(dir, [pattern])
summary:;name:fill!;desc:;syntax:(obj, index, value)
summary:;name:find;desc:;syntax:(X, Y)
summary:;name:first;desc:;syntax:(X)
summary:;name:firstNot;desc:;syntax:(X, [k])
summary:;name:fj;desc:;syntax:(leftTable, rightTable, matchingCols, [rightMatchingCols])
summary:;name:flatten;desc:;syntax:(X)
summary:;name:flip;desc:;syntax:(obj)
summary:;name:float;desc:;syntax:(X)
summary:;name:floor;desc:;syntax:(X)
summary:;name:forceCorrectVersionByReplica;desc:;syntax:(a,b)
summary:;name:form;desc:;syntax:(obj)
summary:;name:formPortfolio;desc:;syntax:(startDate,endDate,tradables,holdingDays,groups,WtScheme)
summary:;name:format;desc:;syntax:X, format)
summary:;name:fromJson;desc:;syntax:(jsonStr)
summary:;name:fromUTF8;desc:;syntax:(str, encode)
summary:;name:fy5253;desc:;syntax:(X, [weekday=0], [startingMonth=1], [nearest=true], [offset], [n=1])
summary:;name:fy5253Quarter;desc:;syntax:(X, [weekday=0], [startingMonth=1], [qtrWithExtraWeek=1], [nearest=true], [offset], [n=1])
summary:;name:gaussianNB;desc:;syntax:(Y, X, [varSmoothing=1e-9])
summary:;name:ge;desc:;syntax:(X, Y)
summary:;name:genRSAKeyAndCertificate;desc:;syntax:(path, domain)
summary:;name:genRSAKeyPair;desc:;syntax:(privateKeyPath, publicKeyPath)
summary:;name:genTradables;desc:;syntax:(indata)
summary:;name:generateLicense;desc:;syntax:(expiration, maxMemory, maxCores, maxNodes, clientName, [modules=-1], [onlineVerify=false], [version], [bindCPU=false], [fingerprintFile], privateKeyFile, licenseFile)
summary:;name:generateMachineFingerprint;desc:;syntax:(outputPath)
summary:;name:getActiveCID;desc:;syntax:()
summary:;name:getActiveMaster;desc:;syntax:()
summary:;name:getAggregator;desc:;syntax:(name)
summary:;name:getAggregatorStat;desc:;syntax:()
summary:;name:getAllChunks;desc:;syntax:()
summary:;name:getAllDBs;desc:;syntax:()
summary:;name:getAllStorages;desc:;syntax:()
summary:;name:getAllTransactions;desc:;syntax:()
summary:;name:getAuthenticatedUserTicket;desc:;syntax:()
summary:;name:getAuthenticatedUsers;desc:;syntax:()
summary:;name:getBackupList;desc:;syntax:(backupDir, dbPath, tableName)
summary:;name:getBackupMeta;desc:;syntax:(backupDir, dbPath, partition, tableName)
summary:;name:getCacheEngineGCDepth;desc:;syntax:()
summary:;name:getCacheEngineMemSize;desc:;syntax:([force])
summary:;name:getCacheEngineStat;desc:;syntax:()
summary:;name:getChunkNodeInfo;desc:;syntax:()
summary:;name:getChunkPath;desc:;syntax:(ds)
summary:;name:getChunkStoragePath;desc:;syntax:(chunkId)
summary:;name:getChunksMeta;desc:;syntax:([chunkPath], [top=1024])
summary:;name:getCidList;desc:;syntax:()
summary:;name:getClusterChunkNodesStatus;desc:;syntax:()
summary:;name:getClusterChunksStatus;desc:;syntax:()
summary:;name:getClusterDFSDatabases;desc:;syntax:()
summary:;name:getClusterDFSTables;desc:;syntax:()
summary:;name:getClusterLiveDataNodes;desc:;syntax:([aliasOnly=true])
summary:;name:getClusterNodesCfg;desc:;syntax:()
summary:;name:getClusterPerf;desc:;syntax:([includeMaster=false])
summary:;name:getCompleteChunkNodeInfo;desc:;syntax:(a,b)
summary:;name:getCompletedQueries;desc:;syntax:([top])
summary:;name:getConsoleJobs;desc:;syntax:()
summary:;name:getControllerAlias;desc:;syntax:()
summary:;name:getCpuAffinity;desc:;syntax:()
summary:;name:getDBIdByTabletChunk;desc:;syntax:(chunkId)
summary:;name:getDFSDatabases;desc:;syntax:()
summary:;name:getDFSDirectoryContent;desc:;syntax:(directory)
summary:;name:getDFSFileContent;desc:;syntax:(a)
summary:;name:getDFSTables;desc:;syntax:()
summary:;name:getDFSTablesByDatabase;desc:;syntax:(dbId)
summary:;name:getDataNodeConfig;desc:;syntax:(nodeAlias)
summary:;name:getDataNodes;desc:;syntax:([aliasOnly=true])
summary:;name:getDiskIOStat;desc:;syntax:()
summary:;name:getDynamicPublicKey;desc:;syntax:()
summary:;name:getEnv;desc:;syntax:(name, [default])
summary:;name:getExistingTabletsMetaByPath;desc:;syntax:(chunkPaths, [cid])
summary:;name:getFileBlocksMeta;desc:;syntax:(path, [cid])
summary:;name:getFileList;desc:;syntax:(path, pattern, folderOnly)
summary:;name:getFullReportArgs;desc:;syntax:()
summary:;name:getFunctionViews;desc:;syntax:()
summary:;name:getGlobalCid;desc:;syntax:()
summary:;name:getGlobalTid;desc:;syntax:()
summary:;name:getGroupAccess;desc:;syntax:(groupIds)
summary:;name:getGroupList;desc:;syntax:()
summary:;name:getGroupsByUserId;desc:;syntax:(userId)
summary:;name:getHomeDir;desc:;syntax:()
summary:;name:getJobMessage;desc:;syntax:(jobId)
summary:;name:getJobReturn;desc:;syntax:(jobId, [blocking=false])
summary:;name:getJobStat;desc:;syntax:()
summary:;name:getJobStatus;desc:;syntax:(jobId)
summary:;name:getLiveDataNodes;desc:;syntax:([aliasOnly=true])
summary:;name:getLogSeqNumber;desc:;syntax:()
summary:;name:getLoginAccess;desc:;syntax:([userId])
summary:;name:getMachineFingerprint;desc:;syntax:(outputPath)
summary:;name:getMemoryStat;desc:;syntax:()
summary:;name:getMetadataReduce;desc:;syntax:(a,b)
summary:;name:getNodeAlias;desc:;syntax:()
summary:;name:getNodeHost;desc:;syntax:()
summary:;name:getNodePort;desc:;syntax:()
summary:;name:getNodeType;desc:;syntax:()
summary:;name:getOS;desc:;syntax:()
summary:;name:getOSBit;desc:;syntax:()
summary:;name:getOutwardConnectionStatus;desc:;syntax:()
summary:;name:getPerf;desc:;syntax:(nodeAlias)
summary:;name:getPerfLog;desc:;syntax:(length, offset, fromHead, nodeAlias)
summary:;name:getPerfLogLength;desc:;syntax:(a)
summary:;name:getPersistenceMeta;desc:;syntax:(table)
summary:;name:getRaftRoleStat;desc:;syntax:()
summary:;name:getRecentJobs;desc:;syntax:([top])
summary:;name:getRecoveryTaskStatus;desc:;syntax:()
summary:;name:getRedoLogStat;desc:;syntax:()
summary:;name:getRunningQueries;desc:;syntax:()
summary:;name:getSampleFeaturesReduce;desc:;syntax:(a,b)
summary:;name:getScheduledJobs;desc:;syntax:([jobIdPattern])
summary:;name:getServerAddressByHost;desc:;syntax:(host)
summary:;name:getServerLog;desc:;syntax:(length, offset, fromHead, nodeAlias)
summary:;name:getServerLogLength;desc:;syntax:(nodeAlias)
summary:;name:getSessionMemoryStat;desc:;syntax:()
summary:;name:getSmallFileBucketMeta;desc:;syntax:(path, [cid])
summary:;name:getSnapshotCID;desc:;syntax:()
summary:;name:getSnapshotEngine;desc:;syntax:(dbUrl, tableName,[keySet],[columnNames])
summary:;name:getStreamingLeader;desc:;syntax:(groupId)
summary:;name:getStreamingRaftGroups;desc:;syntax:()
summary:;name:getStreamingStat;desc:;syntax:()
summary:;name:getSubChunks;desc:;syntax:(path, [recursive], [cid])
summary:;name:getSubscriptionTopic;desc:;syntax:(tableName, [actionName])
summary:;name:getSystemCpuUsage;desc:;syntax:()
summary:;name:getSystemLoadAvg;desc:;syntax:()
summary:;name:getTableCID;desc:;syntax:(chunkId, tableName)
summary:;name:getTablePartitionSizeAndPath;desc:;syntax:(chunkMeta, dbUrl, tableName)
summary:;name:getTables;desc:;syntax:(dbHandle)
summary:;name:getTablesByTabletChunk;desc:;syntax:(chunkId)
summary:;name:getTablet;desc:;syntax:(table, partition)
summary:;name:getTabletsMeta;desc:;syntax:([chunkPath], [tableName], [diskUsage=false], [top=1024])
summary:;name:getTabletsMetaById;desc:;syntax:(chunkIds, [cid])
summary:;name:getTabletsMetaByPath;desc:;syntax:(chunkPaths, [cid])
summary:;name:getTopicProcessedOffset;desc:;syntax:(topic)
summary:;name:getUnFinishedCid;desc:;syntax:()
summary:;name:getUnFinishedTid;desc:;syntax:()
summary:;name:getUserAccess;desc:;syntax:([userIds])
summary:;name:getUserList;desc:;syntax:()
summary:;name:getUsersByGroupId;desc:;syntax:(groupId)
summary:;name:getWaitingRecoveryChunkCount;desc:;syntax:()
summary:;name:glm;desc:;syntax:(ds, yColName, xColNames, [family], [link], [tolerance=1e-6], [maxIter=100])
summary:;name:gmtime;desc:;syntax:(X)
summary:;name:gram;desc:;syntax:(ds, [colNames], [subMean], [normalize])
summary:;name:grant;desc:;syntax:(userId|groupId, accessType, [objs])
summary:;name:groupby;desc:;syntax:(func, funcArgs, groupingCol)
summary:;name:groups;desc:;syntax:(X)
summary:;name:gt;desc:;syntax:(X, Y)
summary:;name:haStreamTable;desc:;syntax:(raftGroup, table, tableName, cacheLimit, [keyColumn], [retentionMinutes=1440])
summary:;name:handleHeartBeat;desc:;syntax:(a)
summary:;name:hasNull;desc:;syntax:(obj)
summary:;name:hashBucket;desc:;syntax:(X, buckets)
summary:;name:head;desc:;syntax:(obj, [n=1])
summary:;name:help;desc:;syntax:(func)
summary:;name:hex;desc:;syntax:(X, [reverse=false])
summary:;name:hour;desc:;syntax:(X)
summary:;name:hourOfDay;desc:;syntax:(X)
summary:;name:ifirstNot;desc:;syntax:(X)
summary:;name:iif;desc:;syntax:(cond, trueResult, falseResult)
summary:;name:ilastNot;desc:;syntax:(X)
summary:;name:ilike;desc:;syntax:(X, pattern)
summary:;name:imax;desc:;syntax:(X)
summary:;name:imin;desc:;syntax:(X)
summary:;name:imr;desc:;syntax:(ds, initValue, mapFunc, [reduceFunc], [finalFunc], terminateFunc, [carryover=false])
summary:;name:in;desc:;syntax:(X, Y)
summary:;name:indexedTable;desc:;syntax:(...) minParams = 1, maxParams = 1024
summary:;name:int;desc:;syntax:(X)
summary:;name:int128;desc:;syntax:(X)
summary:;name:integral;desc:;syntax:(func, start, end, [start2], [end2])
summary:;name:interpolate;desc:;syntax:(X, [method='linear'], [limit], [inplace=false], [limitDirection='forward'], [limitArea])
summary:;name:intersection;desc:;syntax:(X, Y)
summary:;name:inv;desc:;syntax:(obj)
summary:;name:invBeta;desc:;syntax:(alpha, beta, p)
summary:;name:invBinomial;desc:;syntax:(trials, prob, p)
summary:;name:invChiSquare;desc:;syntax:(df, p)
summary:;name:invExp;desc:;syntax:(mean, p)
summary:;name:invF;desc:;syntax:(numeratorDF, denominatorDF, p)
summary:;name:invGamma;desc:;syntax:(shape, scale, p)
summary:;name:invLogistic;desc:;syntax:(mean, s, p)
summary:;name:invNormal;desc:;syntax:(mean, stdev, p)
summary:;name:invPoisson;desc:;syntax:(mean, p)
summary:;name:invStudent;desc:;syntax:(df, p)
summary:;name:invUniform;desc:;syntax:(lower, upper, p)
summary:;name:invWeibull;desc:;syntax:(alpha, beta, p)
summary:;name:inverse;desc:;syntax:(obj)
summary:;name:ipaddr;desc:;syntax:(X)
summary:;name:isAlNum;desc:;syntax:(X)
summary:;name:isAlpha;desc:;syntax:(X)
summary:;name:isChunkNodeInit;desc:;syntax:()
summary:;name:isDecimal;desc:;syntax:(X)
summary:;name:isDigit;desc:;syntax:(X)
summary:;name:isDuplicated;desc:;syntax:(X, [keep=FIRST])
summary:;name:isHttpsOn;desc:;syntax:()
summary:;name:isIndexedMatrix;desc:;syntax:(X)
summary:;name:isLeapYear;desc:;syntax:(X)
summary:;name:isLoggedIn;desc:;syntax:(userId)
summary:;name:isLower;desc:;syntax:(X)
summary:;name:isMonotonic;desc:;syntax:(X)
summary:;name:isMonotonicDecreasing;desc:;syntax:(X)
summary:;name:isMonotonicIncreasing;desc:;syntax:(X)
summary:;name:isMonthEnd;desc:;syntax:(X)
summary:;name:isMonthStart;desc:;syntax:(X)
summary:;name:isNothing;desc:;syntax:(obj)
summary:;name:isNull;desc:;syntax:(X)
summary:;name:isNumeric;desc:;syntax:(X)
summary:;name:isQuarterEnd;desc:;syntax:(X)
summary:;name:isQuarterStart;desc:;syntax:(X)
summary:;name:isSorted;desc:;syntax:(X, [ascending=true])
summary:;name:isSpace;desc:;syntax:(X)
summary:;name:isTitle;desc:;syntax:(X)
summary:;name:isUpper;desc:;syntax:(X)
summary:;name:isValid;desc:;syntax:(X)
summary:;name:isVoid;desc:;syntax:(obj)
summary:;name:isYearEnd;desc:;syntax:(X)
summary:;name:isYearStart;desc:;syntax:(X)
summary:;name:isort;desc:;syntax:(X, [ascending=true])
summary:;name:isort!;desc:;syntax:(X, [ascending=true], indices)
summary:;name:isortTop;desc:;syntax:(X, top, [ascending=true])
summary:;name:iterate;desc:;syntax:(init, coeffs, input)
summary:;name:join;desc:;syntax:(obj1, obj2)
summary:;name:join!;desc:;syntax:(obj, newData)
summary:;name:kama;desc:;syntax:(X, window)
summary:;name:keyedStreamTable;desc:;syntax:(...) minParams = 1, maxParams = 1024
summary:;name:keyedTable;desc:;syntax:(...) minParams = 1, maxParams = 1024
summary:;name:keys;desc:;syntax:(obj)
summary:;name:kmeans;desc:;syntax:(X, k, [maxIter=300], [randomSeed])
summary:;name:knn;desc:;syntax:(Y, X, type, nNeighbor, [power=2])
summary:;name:ksTest;desc:;syntax:(X, Y)
summary:;name:kurtosis;desc:;syntax:(X, [biased=true])
summary:;name:kurtosisReduce;desc:;syntax:(mysum,mysum2,mysum3,mysum4,mycount)
summary:;name:kurtosisRunning;desc:;syntax:(mysum,mysum2,mysum3,mysum4,mycount)
summary:;name:lag;desc:;syntax:(X)
summary:;name:lasso;desc:;syntax:(ds, yColName, xColNames, [alpha=1.0], [intercept=true], [normalize=false], [maxIter=1000], [tolerance=0.0001], [positive=false])
summary:;name:last;desc:;syntax:(X)
summary:;name:lastDay;desc:;syntax:(X, [offset], [n=1])
summary:;name:lastNot;desc:;syntax:(X, [k])
summary:;name:lastWeekOfMonth;desc:;syntax:(X, [weekday=0], [offset], [n=1])
summary:;name:le;desc:;syntax:(X, Y)
summary:;name:lead;desc:;syntax:(X)
summary:;name:left;desc:;syntax:(X, n)
summary:;name:lfill;desc:;syntax:(obj)
summary:;name:lfill!;desc:;syntax:(obj)
summary:;name:license;desc:;syntax:([fileName], [pubKeyFile])
summary:;name:like;desc:;syntax:(X, pattern)
summary:;name:linprog;desc:;syntax:(f, [A], [b], [Aeq], [beq], [lb], [ub], [method='simplex'])
summary:;name:lj;desc:;syntax:(leftTable, rightTable, matchingCols, [rightMatchingCols])
summary:;name:loadBackup;desc:;syntax:(backupDir, dbPath, partition, tableName)
summary:;name:loadClusterNodesConfigs;desc:;syntax:()
summary:;name:loadColumn;desc:;syntax:(dbHandle, tableName, path)
summary:;name:loadControllerConfigs;desc:;syntax:()
summary:;name:loadFileBlock;desc:;syntax:(chunkMeta)
summary:;name:loadModel;desc:;syntax:(file)
summary:;name:loadModule;desc:;syntax:(name, [moduleDir])
summary:;name:loadMvccTable;desc:;syntax:(database, tableName)
summary:;name:loadNpy;desc:;syntax:(fileName)
summary:;name:loadPlugin;desc:;syntax:(metaFile)
summary:;name:loadPriceData;desc:;syntax:(inData)
summary:;name:loadRecord;desc:;syntax:(filename, schema, [skipBytes=0], [count])
summary:;name:loadStreamTable;desc:;syntax:(database, tableName)
summary:;name:loadTable;desc:;syntax:(database, tableName, [partitions], [memoryMode=false])
summary:;name:loadTableBySQL;desc:;syntax:(sql)
summary:;name:loadText;desc:;syntax:(filename, [delimiter], [schema], [skipRows=0])
summary:;name:loadTextEx;desc:;syntax:(dbHandle, tableName, partitionColumns, filename, [delimiter], [schema], [skipRows=0], [transform])
summary:;name:localtime;desc:;syntax:(X)
summary:;name:log;desc:;syntax:(X)
summary:;name:log10;desc:;syntax:(X)
summary:;name:log1p;desc:;syntax:(X)
summary:;name:log2;desc:;syntax:(X)
summary:;name:login;desc:;syntax:(userId, password, [encrypted=false])
summary:;name:logisticRegression;desc:;syntax:(ds, yColName, xColNames, [intercept=true], [initTheta], [tolerance=1e-3], [maxIter=500], [regularizationCoeff=1.0])
summary:;name:logout;desc:;syntax:([userId], [sessionOnly=true])
summary:;name:long;desc:;syntax:(X)
summary:;name:loop;desc:;syntax:(func, args...)
summary:;name:lower;desc:;syntax:(X)
summary:;name:lpad;desc:;syntax:(str, length, [pattern])
summary:;name:lrFinal;desc:;syntax:(a,b)
summary:;name:lrReduce;desc:;syntax:(a,b)
summary:;name:lshift;desc:;syntax:(X, bits)
summary:;name:lsj;desc:;syntax:(leftTable, rightTable, matchingCols, [rightMatchingCols])
summary:;name:lt;desc:;syntax:(X, Y)
summary:;name:ltrim;desc:;syntax:(X)
summary:;name:lu;desc:;syntax:(obj, [permute=false])
summary:;name:mad;desc:;syntax:(X, [useMedian=false])
summary:;name:makeCall;desc:;syntax:(func, args...)
summary:;name:makeChunkMeta;desc:;syntax:(chunkId)
summary:;name:mannWhitneyUTest;desc:;syntax:(X, Y, [correct=true])
summary:;name:manova;desc:;syntax:(X,group)
summary:;name:mask;desc:;syntax:(X, Y)
summary:;name:matrix;desc:;syntax:(dataType, rows, cols, [columnsCapacity], [defaultValue])
summary:;name:mavg;desc:;syntax:(X, window|weights, [minPeriods])
summary:;name:max;desc:;syntax:(X)
summary:;name:maxPositiveStreak;desc:;syntax:(X)
summary:;name:mbeta;desc:;syntax:(Y, X, window, [minPeriods])
summary:;name:mcorr;desc:;syntax:(X, Y, window, [minPeriods])
summary:;name:mcount;desc:;syntax:(X, window)
summary:;name:mcovar;desc:;syntax:(X, Y, window, [minPeriods])
summary:;name:md5;desc:;syntax:(X)
summary:;name:mean;desc:;syntax:(X)
summary:;name:med;desc:;syntax:(X)
summary:;name:median;desc:;syntax:(X)
summary:;name:mem;desc:;syntax:([freeUnusedBlocks=0])
summary:;name:memSize;desc:;syntax:(obj)
summary:;name:member;desc:;syntax:(obj, keys)
summary:;name:microsecond;desc:;syntax:(X)
summary:;name:migrate;desc:;syntax:(backupDir, [backupDBPath], [backupTableName], [newDBPath=backupDBPath], [newTableName=backupTableName])
summary:;name:millisecond;desc:;syntax:(X)
summary:;name:mimax;desc:;syntax:(X, window, [minPeriods])
summary:;name:mimin;desc:;syntax:(X, window, [minPeriods])
summary:;name:min;desc:;syntax:(X)
summary:;name:minute;desc:;syntax:(X)
summary:;name:minuteOfHour;desc:;syntax:(X)
summary:;name:mkdir;desc:;syntax:(dir)
summary:;name:mmad;desc:;syntax:(X, window, [useMedian=false], [minPeriods])
summary:;name:mmax;desc:;syntax:(X, window, [minPeriods])
summary:;name:mmed;desc:;syntax:(X, window, [minPeriods])
summary:;name:mmin;desc:;syntax:(X, window, [minPeriods])
summary:;name:mmse;desc:;syntax:(Y, X, window, [minPeriods])
summary:;name:mod;desc:;syntax:(X, Y)
summary:;name:mode;desc:;syntax:(X)
summary:;name:month;desc:;syntax:(X)
summary:;name:monthBegin;desc:;syntax:(X, [offset], [n=1])
summary:;name:monthEnd;desc:;syntax:(X, [offset], [n=1])
summary:;name:monthOfYear;desc:;syntax:(X)
summary:;name:monthStart;desc:;syntax:(X, [offset], [n=1])
summary:;name:move;desc:;syntax:(X, steps)
summary:;name:moveReplicas;desc:;syntax:(a,b,c)
summary:;name:moving;desc:;syntax:(func, funcArgs, window, [minPeriods])
summary:;name:mpercentile;desc:;syntax:(X, percent, window, [interpolation='linear'], [minPeriods])
summary:;name:mprod;desc:;syntax:(X, window, [minPeriods])
summary:;name:mr;desc:;syntax:(ds, mapFunc, [reduceFunc], [finalFunc], [parallel=true])
summary:;name:mrank;desc:;syntax:(X, ascending, window, [ignoreNA=true], [tiesMethod='min'])
summary:;name:mstd;desc:;syntax:(X, window, [minPeriods])
summary:;name:msum;desc:;syntax:(X, window, [minPeriods])
summary:;name:mul;desc:;syntax:(X, Y)
summary:;name:multiTableRepartitionDS;desc:;syntax:(query, [column], [partitionType], [partitionScheme], [local=true])
summary:;name:multinomialNB;desc:;syntax:(Y, X, [varSmoothing=1.0])
summary:;name:multivariateNormal;desc:;syntax:(mean, covar, count, [sampleAsRow=true])
summary:;name:mvar;desc:;syntax:(X, window, [minPeriods])
summary:;name:mvccTable;desc:;syntax:(...) minParams = 1, maxParams = 1024
summary:;name:mwavg;desc:;syntax:(Y, X, window, [minPeriods])
summary:;name:mwsum;desc:;syntax:(Y, X, window, [minPeriods])
summary:;name:naiveMulti;desc:;syntax:(X, Y)
summary:;name:namespace;desc:;syntax:()
summary:;name:nanosecond;desc:;syntax:(X)
summary:;name:nanotime;desc:;syntax:(X)
summary:;name:nanotimestamp;desc:;syntax:(X)
summary:;name:ne;desc:;syntax:(X, Y)
summary:;name:neg;desc:;syntax:(X)
summary:;name:next;desc:;syntax:(X)
summary:;name:norm;desc:;syntax:(mean, std, count)
summary:;name:normal;desc:;syntax:(mean, std, count)
summary:;name:not;desc:;syntax:(X)
summary:;name:now;desc:;syntax:([nanoSecond=false])
summary:;name:nullFill;desc:;syntax:(X, Y)
summary:;name:nullFill!;desc:;syntax:(X, Y)
summary:;name:nunique;desc:;syntax:(X)
summary:;name:objByName;desc:;syntax:(name, [sharedVar])
summary:;name:objs;desc:;syntax:([shared=false])
summary:;name:ols;desc:;syntax:(Y, X, [intercept=true], [mode=0])
summary:;name:olsEx;desc:;syntax:(ds, Y, X, [intercept=true], [mode=0])
summary:;name:olsMeasureMap;desc:;syntax:(a,b,c,d,e)
summary:;name:olsTrainMap;desc:;syntax:(a,b,c,d)
summary:;name:olsTrainReduce;desc:;syntax:(a)
summary:;name:or;desc:;syntax:(X, Y)
summary:;name:outOHLC;desc:;syntax:(OHLC,msg)
summary:;name:pair;desc:;syntax:(first, second)
summary:;name:panel;desc:;syntax:(row, col, metrics, [rowLabel], [colLabel], [parallel=false])
summary:;name:parseExpr;desc:;syntax:(X)
summary:;name:partial;desc:;syntax:(func, args...)
summary:;name:partitionCall;desc:;syntax:(a,b,c,d,[e])
summary:;name:pca;desc:;syntax:(X, [colNames], [k], [normalize], [maxIter], [svdSolver], [randomState])
summary:;name:pcall;desc:;syntax:(func, args...)
summary:;name:pcross;desc:;syntax:(func, X, [Y])
summary:;name:peach;desc:;syntax:(func, args...)
summary:;name:percentChange;desc:;syntax:(X)
summary:;name:percentile;desc:;syntax:(X, percent, [interpolation='linear'])
summary:;name:piecewise;desc:;syntax:(funcs, ranges, [positionBased=false])
summary:;name:pipeline;desc:;syntax:(initTasks, followers, [queueDepth=2])
summary:;name:pivot;desc:;syntax:(func, funcArgs, rowAlignCol, colAlignCol)
summary:;name:pj;desc:;syntax:(leftTable, rightTable, matchingCols, [rightMatchingCols])
summary:;name:ploadText;desc:;syntax:(filename, [delimiter], [schema], [skipRows=0])
summary:;name:ploop;desc:;syntax:(func, args...)
summary:;name:plot;desc:;syntax:(data, [labels], [title], [chartType=LINE], [stacking=false])
summary:;name:plotHist;desc:;syntax:(data, [binNum], [range], [title])
summary:;name:pnodeRun;desc:;syntax:(function, [nodes], [addNodeAlias=true])
summary:;name:polynomial;desc:;syntax:(X, coeffs)
summary:;name:pop!;desc:;syntax:(obj)
summary:;name:pow;desc:;syntax:(X, Y)
summary:;name:power;desc:;syntax:(X, Y)
summary:;name:predict;desc:;syntax:(model, X)
summary:;name:prev;desc:;syntax:(X)
summary:;name:print;desc:;syntax:(args...)
summary:;name:prod;desc:;syntax:(X)
summary:;name:ptableCall;desc:;syntax:(func, tables, hashColumn)
summary:;name:publishTable;desc:;syntax:(host, port, tableName, [actionName], [offset=-1], [filter], [allowExists=false])
summary:;name:purgeCacheEngine;desc:;syntax:()
summary:;name:purgeOldPartitions;desc:;syntax:([force])
summary:;name:push!;desc:;syntax:(obj, newData)
summary:;name:pwj;desc:;syntax:(leftTable, rightTable, window, aggs, matchingCols, [rightMatchingCols])
summary:;name:py::cmd;desc:;syntax:(a)
summary:;name:py::fromPy;desc:;syntax:(a,[b])
summary:;name:py::getFunc;desc:;syntax:(a,b)
summary:;name:py::getInstance;desc:;syntax:(...) minParams = 2, maxParams = 32
summary:;name:py::getInstanceFromObj;desc:;syntax:(...) minParams = 1, maxParams = 32
summary:;name:py::getObj;desc:;syntax:(a,b)
summary:;name:py::importModule;desc:;syntax:(a)
summary:;name:py::toPy;desc:;syntax:(a,[b])
summary:;name:qclp;desc:;syntax:(r, V, k, [A], [b], [Aeq], [beq])
summary:;name:qr;desc:;syntax:(obj, [mode='full'], [pivoting=false])
summary:;name:quadprog;desc:;syntax:(H, f, [A], [b], [Aeq], [beq])
summary:;name:quantile;desc:;syntax:(X, q, [interpolation='linear'])
summary:;name:quantileSeries;desc:;syntax:(X, q, [interpolation='linear'])
summary:;name:quarterBegin;desc:;syntax:(X, [startingMonth=1], [offset], [n=1])
summary:;name:quarterEnd;desc:;syntax:(X, [endingMonth=12], [offset], [n=1])
summary:;name:quarterOfYear;desc:;syntax:(X)
summary:;name:rad2deg;desc:;syntax:(X)
summary:;name:raftCheckAlive;desc:;syntax:(a)
summary:;name:raftMessageHandler;desc:;syntax:(...) minParams = 21, maxParams = 21
summary:;name:raftSnapshotHandler;desc:;syntax:(a,b,c,d)
summary:;name:rand;desc:;syntax:(X, count)
summary:;name:randBeta;desc:;syntax:(alpha, beta, count)
summary:;name:randBinomial;desc:;syntax:(trials, prob, count)
summary:;name:randChiSquare;desc:;syntax:(df, count)
summary:;name:randExp;desc:;syntax:(mean, count)
summary:;name:randF;desc:;syntax:(numeratorDF, denominatorDF, count)
summary:;name:randGamma;desc:;syntax:(shape, scale, count)
summary:;name:randLogistic;desc:;syntax:(mean, s, count)
summary:;name:randMultivariateNormal;desc:;syntax:(mean, covar, count, [sampleAsRow=true])
summary:;name:randNormal;desc:;syntax:(mean, stdev, count)
summary:;name:randPoisson;desc:;syntax:(mean, count)
summary:;name:randStudent;desc:;syntax:(df, count)
summary:;name:randUniform;desc:;syntax:(lower, upper, count)
summary:;name:randWeibull;desc:;syntax:(alpha, beta, count)
summary:;name:randZipf;desc:;syntax:(num, exponent, count)
summary:;name:randomForestClassifier;desc:;syntax:(ds, yColName, xColNames, numClasses, [maxFeatures=0], [numTrees=10], [numBins=32], [maxDepth=32], [minImpurityDecrease=0.0], [numJobs=-1], [randomSeed])
summary:;name:randomForestRegressor;desc:;syntax:(ds, yColName, xColNames, [maxFeatures=0], [numTrees=10], [numBins=32], [maxDepth=32], [minImpurityDecrease=0.0], [numJobs=-1], [randomSeed])
summary:;name:rank;desc:;syntax:(X, [ascending=true], [groupNum], [ignoreNA=true], [tiesMethod='min'])
summary:;name:ratio;desc:;syntax:(X, Y)
summary:;name:ratios;desc:;syntax:(X)
summary:;name:read!;desc:;syntax:(handle, holder, [offset=0], [length=1])
summary:;name:readBytes;desc:;syntax:(fileHandle, sizeInByte)
summary:;name:readLine;desc:;syntax:(obj)
summary:;name:readLines;desc:;syntax:(handle, [length=1024])
summary:;name:readLines!;desc:;syntax:(handle, holder, [offset=0], [length=1])
summary:;name:readObject;desc:;syntax:(obj)
summary:;name:readRecord!;desc:;syntax:(handle, holder, [offset=0], [length])
summary:;name:readTabletChunk;desc:;syntax:(chunkId, dbUrl, chunkPath, tableName, offset, length, [cid=-1])
summary:;name:reciprocal;desc:;syntax:(X)
summary:;name:recoveryRaftMasterMeta;desc:;syntax:()
summary:;name:reduce;desc:;syntax:(func, X, [init])
summary:;name:refCount;desc:;syntax:(obj)
summary:;name:refreshSyntax;desc:;syntax:(defItem)
summary:;name:regexCount;desc:;syntax:(str, pattern, [offset])
summary:;name:regexFind;desc:;syntax:(str, pattern, [offset])
summary:;name:regexReplace;desc:;syntax:(str, pattern, replacement, [offset])
summary:;name:registerSnapshotEngine;desc:;syntax:(dbUrl, tableName, keyColumnName)
summary:;name:regressorBuildForestTerm;desc:;syntax:(a,b)
summary:;name:reloadClusterConfig;desc:;syntax:()
summary:;name:remoteRun;desc:;syntax:(conn, script, args...)
summary:;name:removeHead!;desc:;syntax:(obj, n)
summary:;name:removeTail!;desc:;syntax:(obj, n)
summary:;name:rename!;desc:;syntax:(a,b,[c])
summary:;name:reorderColumns!;desc:;syntax:(table, reorderedColNames)
summary:;name:repartitionDS;desc:;syntax:(query, [column], [partitionType], [partitionScheme], [local=true])
summary:;name:repeat;desc:;syntax:(X, n)
summary:;name:replace;desc:;syntax:(X, oldValue, newValue)
summary:;name:replace!;desc:;syntax:(obj, oldValue, newValue)
summary:;name:replaceColumn!;desc:;syntax:(table, colName, newCol)
summary:;name:replay;desc:;syntax:(inputTables, outputTables, [dateColumn], [timeColumn], [replayRate], [absoluteRate=true], [parallelLevel=1])
summary:;name:replayDS;desc:;syntax:(sqlObj, [dateColumn], [timeColumn], [timeRepartitionSchema])
summary:;name:requestTransactionStateResolution;desc:;syntax:(a,b,c,d,e,[f])
summary:;name:resetPwd;desc:;syntax:(userId, newPwd)
summary:;name:reshape;desc:;syntax:(obj, [dim])
summary:;name:restore;desc:;syntax:(backupDir, dbPath, tableName, partition, [force=false], [outputTable])
summary:;name:restoreControllerMetaFromChunkNode;desc:;syntax:()
summary:;name:reverse;desc:;syntax:(X)
summary:;name:revoke;desc:;syntax:(userId|groupId, accessType, [objs])
summary:;name:ridge;desc:;syntax:(ds, yColName, xColNames, [alpha=1.0], [intercept=true], [normalize=false], [maxIter=1000], [tolerance=0.0001], [solver='svd'])
summary:;name:right;desc:;syntax:(X, n)
summary:;name:rm;desc:;syntax:(file|dir)
summary:;name:rmdir;desc:;syntax:(dir, [recursive=false])
summary:;name:rollback;desc:;syntax:(trans)
summary:;name:rollbackDatabase;desc:;syntax:(dbPath)
summary:;name:rolling;desc:;syntax:(func, funcArgs, window, [step])
summary:;name:round;desc:;syntax:(X, [precision])
summary:;name:row;desc:;syntax:(obj, index)
summary:;name:rowAnd;desc:;syntax:(args...)
summary:;name:rowAvg;desc:;syntax:(args...)
summary:;name:rowCount;desc:;syntax:(args...)
summary:;name:rowMax;desc:;syntax:(args...)
summary:;name:rowMin;desc:;syntax:(args...)
summary:;name:rowNames;desc:;syntax:(obj)
summary:;name:rowNo;desc:;syntax:(X)
summary:;name:rowOr;desc:;syntax:(args...)
summary:;name:rowProd;desc:;syntax:(args...)
summary:;name:rowRank;desc:;syntax:(X, [ascending=true], [groupNum], [ignoreNA=true], [tiesMethod='min'])
summary:;name:rowStd;desc:;syntax:(args...)
summary:;name:rowSum;desc:;syntax:(args...)
summary:;name:rowSum2;desc:;syntax:(args...)
summary:;name:rowVar;desc:;syntax:(args...)
summary:;name:rowXor;desc:;syntax:(args...)
summary:;name:rows;desc:;syntax:(obj)
summary:;name:rpad;desc:;syntax:(str, length, [pattern])
summary:;name:rpc;desc:;syntax:(nodeAlias, func, args...)
summary:;name:rshift;desc:;syntax:(X, bits)
summary:;name:rtrim;desc:;syntax:(X)
summary:;name:run;desc:;syntax:(scriptFile, [newSession=false])
summary:;name:sample;desc:;syntax:(partitionCol, size)
summary:;name:saveAclPubKey;desc:;syntax:(pubKeyContent)
summary:;name:saveAsNpy;desc:;syntax:(obj, fileName)
summary:;name:saveClusterNodes;desc:;syntax:(sites)
summary:;name:saveClusterNodesConfigs;desc:;syntax:(configs)
summary:;name:saveColumn;desc:;syntax:(col, colPath, lsn)
summary:;name:saveControllerConfigs;desc:;syntax:(configs)
summary:;name:saveDB;desc:;syntax:(a)
summary:;name:saveDatabase;desc:;syntax:(a)
summary:;name:saveDualPartition;desc:;syntax:(dbHandle1, dbHandle2, table, tableName, partitionColumn1, partitionColumn2, [compression=false])
summary:;name:saveMinuteQuote;desc:;syntax:(t)
summary:;name:saveModel;desc:;syntax:(model, file)
summary:;name:saveModule;desc:;syntax:(name, [moduleDir], [overwrite=false])
summary:;name:savePartition;desc:;syntax:(dbHandle, table, tableName, [compression=true], [trans])
summary:;name:saveTable;desc:;syntax:(dbHandle, table, [tableName], [append=false], [compression=false], [trans])
summary:;name:saveText;desc:;syntax:(obj, filename, [delimiter], [append=false])
summary:;name:saveTextFile;desc:;syntax:(content, filename,[append=false],[lastModified])
summary:;name:scheduleJob;desc:;syntax:(jobId, jobDesc, jobFunc, scheduleTime, startDate, endDate, frequency, [days], [onComplete])
summary:;name:schema;desc:;syntax:(table|dbHandle)
summary:;name:schur;desc:;syntax:(obj, [sort])
summary:;name:searchK;desc:;syntax:(X, k)
summary:;name:seasonalEsd;desc:;syntax:(data, period, [hybrid], [maxAnomalies], [alpha])
summary:;name:second;desc:;syntax:(X)
summary:;name:secondOfMinute;desc:;syntax:(X)
summary:;name:seek;desc:;syntax:(handle, offset, [mode=1])
summary:;name:segment;desc:;syntax:(X, [segmentOffset=true])
summary:;name:segmentby;desc:;syntax:(func, funcArgs, segment)
summary:;name:sej;desc:;syntax:(leftTable, rightTable, matchingCols, [rightMatchingCols])
summary:;name:sem;desc:;syntax:(X)
summary:;name:semiMonthBegin;desc:;syntax:(X, [dayOfMonth=15], [offset], [n=1])
summary:;name:semiMonthEnd;desc:;syntax:(X, [dayOfMonth], [offset], [n=1])
summary:;name:seq;desc:;syntax:(start, end)
summary:;name:set;desc:;syntax:(keyType|keyObj, [capacity])
summary:;name:setCanonicalReplica;desc:;syntax:(chunkId)
summary:;name:setColumnComment;desc:;syntax:(table, columnComments)
summary:;name:setIndexedMatrix;desc:;syntax:(X)
summary:;name:setMaxJobParallelism;desc:;syntax:(userId, maxParallelism)
summary:;name:setMaxJobPriority;desc:;syntax:(userId, maxPriority)
summary:;name:setRandomSeed;desc:;syntax:(seed)
summary:;name:setRetentionPolicy;desc:;syntax:(dbHanle, retentionHours, [retentionDimension])
summary:;name:setStreamTableFilterColumn;desc:;syntax:(streamTable, columnName)
summary:;name:setSystem;desc:;syntax:(key, value)
summary:;name:shape;desc:;syntax:(obj)
summary:;name:shapiroTest;desc:;syntax:(X)
summary:;name:share;desc:;syntax:(table, sharedName, [database], [dbName], [partitionColumn])
summary:;name:shell;desc:;syntax:(cmd)
summary:;name:short;desc:;syntax:(X)
summary:;name:shuffle;desc:;syntax:(X)
summary:;name:shuffle!;desc:;syntax:(obj)
summary:;name:shutDownNode;desc:;syntax:()
summary:;name:sign;desc:;syntax:(X)
summary:;name:signum;desc:;syntax:(X)
summary:;name:sin;desc:;syntax:(X)
summary:;name:sinh;desc:;syntax:(X)
summary:;name:size;desc:;syntax:(obj)
summary:;name:skew;desc:;syntax:(X, [biased=true])
summary:;name:skewReduce;desc:;syntax:(mysum,mysum2,mysum3,mycount)
summary:;name:skewRunning;desc:;syntax:(mysum,mysum2,mysum3,mycount)
summary:;name:sleep;desc:;syntax:(milliseconds)
summary:;name:slice;desc:;syntax:(obj, index|rowIndex, [colIndex])
summary:;name:sliceByKey;desc:;syntax:(table, rowKeys, [colNames])
summary:;name:slsj;desc:;syntax:(leftTable, rightTable, matchingCols, [rightMatchingCols])
summary:;name:solve;desc:;syntax:(X, Y)
summary:;name:sort;desc:;syntax:(X, [ascending=true])
summary:;name:sort!;desc:;syntax:(obj, [ascending=true])
summary:;name:sortBy!;desc:;syntax:(table, sortColumns, [sortDirections])
summary:;name:split;desc:;syntax:(str, [delimiter])
summary:;name:sql;desc:;syntax:(select, from, [where], [groupBy], [groupFlag], [csort], [ascSort], [having], [orderBy], [ascOrder], [limit], [hint])
summary:;name:sqlCol;desc:;syntax:(colName, [func])
summary:;name:sqlColAlias;desc:;syntax:(colDefs,[colNames])
summary:;name:sqlDS;desc:;syntax:(sqlObj, [forcePartition=false])
summary:;name:sqrt;desc:;syntax:(X)
summary:;name:square;desc:;syntax:(X)
summary:;name:startDataNode;desc:;syntax:(nodes)
summary:;name:startDataNodeAgent;desc:;syntax:(sites, configs, [commonConfig])
summary:;name:startsWith;desc:;syntax:(X, str)
summary:;name:stat;desc:;syntax:(X)
summary:;name:std;desc:;syntax:(X)
summary:;name:stdReduce;desc:;syntax:(mysum,mysum2,mycount)
summary:;name:stdRunning;desc:;syntax:(mysum,mysum2,mycount)
summary:;name:stl;desc:;syntax:(data, period, sWindow, [sDegree], [sJump], [tWindow], [tDegree], [tJump], [lWindow], [lDegree], [lJump], [robust], [inner], [outer])
summary:;name:stopDataNode;desc:;syntax:(nodes)
summary:;name:stopPublishTable;desc:;syntax:(host, port, tableName, [actionName])
summary:;name:strFind;desc:;syntax:(X, str)
summary:;name:strReplace;desc:;syntax:(str, pattern, replacement)
summary:;name:strassenMulti;desc:;syntax:(X, Y)
summary:;name:streamTable;desc:;syntax:(...) minParams = 1, maxParams = 1024
summary:;name:string;desc:;syntax:(X)
summary:;name:strip;desc:;syntax:(X)
summary:;name:strlen;desc:;syntax:(X)
summary:;name:strlenu;desc:;syntax:(X)
summary:;name:strpos;desc:;syntax:(X, str)
summary:;name:sub;desc:;syntax:(X, Y)
summary:;name:subarray;desc:;syntax:(X, range)
summary:;name:submitJob;desc:;syntax:(jobId, jobDesc, jobDef, args...)
summary:;name:submitJobEx;desc:;syntax:(jobId, jobDesc, priority, parallelism, jobDef, args...)
summary:;name:subscribeTable;desc:;syntax:([server],tableName,[actionName],[offset=-1],handler,[msgAsTable=false],[batchSize=0],[throttle=1],[hash=-1],[reconnect=false],[filter],[persistOffset=false])
summary:;name:substr;desc:;syntax:(str, offset, [length])
summary:;name:substru;desc:;syntax:(str, offset, [length])
summary:;name:subtuple;desc:;syntax:(X, range)
summary:;name:sum;desc:;syntax:(X)
summary:;name:sum2;desc:;syntax:(X)
summary:;name:sum3;desc:;syntax:(X)
summary:;name:sum4;desc:;syntax:(X)
summary:;name:sum_diff;desc:;syntax:(x,y)
summary:;name:svd;desc:;syntax:(obj, [fullMatrices=true], [computeUV=true])
summary:;name:symbol;desc:;syntax:(X)
summary:;name:symmetricDifference;desc:;syntax:(X, Y)
summary:;name:syncDict;desc:;syntax:(keyType|keyObj, valueType|valueObj, [sharedName])
summary:;name:syntax;desc:;syntax:(func)
summary:;name:tTest;desc:;syntax:(X, [Y], [mu=0.0], [confLevel=0.95], [equalVar=false])
summary:;name:table;desc:;syntax:(...) minParams = 1, maxParams = 1024
summary:;name:tableInsert;desc:;syntax:(table, args...)
summary:;name:tail;desc:;syntax:(obj, [n=1])
summary:;name:take;desc:;syntax:(X, n)
summary:;name:takeMasterCheckpoint;desc:;syntax:()
summary:;name:tan;desc:;syntax:(X)
summary:;name:tanh;desc:;syntax:(X)
summary:;name:temporalAdd;desc:;syntax:(obj, duration, unit)
summary:;name:temporalFormat;desc:;syntax:(X, format)
summary:;name:temporalParse;desc:;syntax:(X, format)
summary:;name:test;desc:;syntax:(scriptFile, [outFile], [testMemLeaking=false])
summary:;name:testStreamingHA;desc:;syntax:(backupDir, sqlObj, [force=false])
summary:;name:textChunkDS;desc:;syntax:(filename, chunkSize, [delimiter], [schema], [skipRows=0])
summary:;name:time;desc:;syntax:(X)
summary:;name:timestamp;desc:;syntax:(X)
summary:;name:toJson;desc:;syntax:(obj)
summary:;name:toStdJson;desc:;syntax:(obj)
summary:;name:toUTF8;desc:;syntax:(str, encode)
summary:;name:today;desc:;syntax:()
summary:;name:toggleFailureFlag;desc:;syntax:(a)
summary:;name:transDS!;desc:;syntax:(ds, transFunc)
summary:;name:transaction;desc:;syntax:(dbHandle)
summary:;name:transpose;desc:;syntax:(obj)
summary:;name:trim;desc:;syntax:(X)
summary:;name:trueRange;desc:;syntax:(high, low, close)
summary:;name:tupleSum;desc:;syntax:(X)
summary:;name:type;desc:;syntax:(obj)
summary:;name:typestr;desc:;syntax:(obj)
summary:;name:undef;desc:;syntax:(obj, [objType=VAR], [objAddr=0])
summary:;name:union;desc:;syntax:(X, Y)
summary:;name:unionAll;desc:;syntax:(tableA|tables, tableB|[partition=true], [byColName=false])
summary:;name:unpivot;desc:;syntax:(obj, keyColNames, valueColNames, [func])
summary:;name:unregisterSnapshotEngine;desc:;syntax:(dbUrl, tableName)
summary:;name:unsubscribeTable;desc:;syntax:([server], tableName, [actionName])
summary:;name:update!;desc:;syntax:(table, colNames, newValues, [filter])
summary:;name:updateChunkVersionOnMaster;desc:;syntax:(a,b)
summary:;name:updateTabletChunk;desc:;syntax:(dbUrl, chunkPath, tableName, size)
summary:;name:updateTabletMetaOnDataNode;desc:;syntax:(chunkId,dbName,tableName,version,size,tid,cid)
summary:;name:updateTabletVersionOnDataNode;desc:;syntax:(chunkId,version,size,cid)
summary:;name:upper;desc:;syntax:(X)
summary:;name:uuid;desc:;syntax:(X)
summary:;name:values;desc:;syntax:(obj)
summary:;name:var;desc:;syntax:(X)
summary:;name:varReduce;desc:;syntax:(mysum,mysum2,mycount)
summary:;name:varRunning;desc:;syntax:(mysum,mysum2,mycount)
summary:;name:version;desc:;syntax:()
summary:;name:wavg;desc:;syntax:(value, weight)
summary:;name:wavol;desc:;syntax:(ap,av,price,jump)
summary:;name:wbvol;desc:;syntax:(bp,bv,price,jump)
summary:;name:wc;desc:;syntax:(X)
summary:;name:wcovar;desc:;syntax:(X, Y, weights)
summary:;name:week;desc:;syntax:(X, [weekday=6], [offset], [n=1])
summary:;name:weekBegin;desc:;syntax:(X, [weekday=0], [offset], [n=1])
summary:;name:weekEnd;desc:;syntax:(X, [weekday=6], [offset], [n=1])
summary:;name:weekOfMonth;desc:;syntax:(X, [week=0], [weekday=0], [offset], [n=1])
summary:;name:weekOfYear;desc:;syntax:(X)
summary:;name:weekday;desc:;syntax:(X, [startFromSunday=true])
summary:;name:wideTable;desc:;syntax:(obj)
summary:;name:wj;desc:;syntax:(leftTable, rightTable, window, aggs, matchingCols, [rightMatchingCols])
summary:;name:write;desc:;syntax:(handle, object, [offset=0], [length])
summary:;name:writeBytes;desc:;syntax:(fileHandle, charObj)
summary:;name:writeLine;desc:;syntax:(handle, line, [windowsLineEnding])
summary:;name:writeLines;desc:;syntax:(handle, object, [offset=0], [length], [windowsLineEnding])
summary:;name:writeLog;desc:;syntax:(args...)
summary:;name:writeObject;desc:;syntax:(fileHandle|fileName, object)
summary:;name:writeRecord;desc:;syntax:(handle, object, [offset=0], [length])
summary:;name:wsum;desc:;syntax:(X, Y)
summary:;name:xdb;desc:;syntax:(host, port, [userId], [password])
summary:;name:xor;desc:;syntax:(X, Y)
summary:;name:year;desc:;syntax:(X)
summary:;name:yearBegin;desc:;syntax:(X, [startingMonth=1], [offset], [n=1])
summary:;name:yearEnd;desc:;syntax:(X, [endingMonth=12], [offset], [n=1])
summary:;name:zTest;desc:;syntax:(X, [Y], [mu=0.0], [sigmaX=1.0], [sigmaY=1.0], [confLevel=0.95])
summary:;name:zscore;desc:;syntax:(X)